metric,value
log_likelihood,-178.55655918237824
log_likelihood_is,-178.55655918237824
AIC,371.1131183647565
BIC,374.5074649132725
AIC_is,371.1131183647565
BIC_is,374.5074649132725
n_subjects,12.0
n_observations,120.0
n_parameters,7.0
