metric,value
log_likelihood,-276.3102111592855
log_likelihood_is,-276.3102111592855
AIC,566.620422318571
BIC,570.0147688670869
AIC_is,566.620422318571
BIC_is,570.0147688670869
n_subjects,12.0
n_observations,120.0
n_parameters,7.0
