,ka,V,CL
ka,0.40396441607737865,0.0,0.0
V,0.0,0.02118500257106959,0.0
CL,0.0,0.0,0.06640433704882076
