,ka,V,CL
ka,0.3137612512705861,0.0,0.0
V,0.0,0.023443741091683318,0.0
CL,0.0,0.0,0.05365743155916152
