,ka,V,CL
ka,146.62553188067085,0.0,0.0
V,0.0,132.41300607100322,0.0
CL,0.0,0.0,12.65945005643214
