parameter,estimate,se
ka,0.3997297108646012,1.0
V,3.441062320376404,1.0
CL,1.014536922464872,1.0
