parameter,estimate,se
ka,0.4051065699104906,1.0
V,3.447878411958535,1.0
CL,1.02659460052499,1.0
