parameter,estimate,se
ka,1.2574197621996583,1.0
V,3.2121354508562026,1.0
CL,1.05537743149178,1.0
